Qté en cours (fi1);Libellé Compte Achat (fi);Intitulé court (fi);Libellé du bien (fi);DE.ID;segment;Poids en kg;fiabilité
1;MATERIEL DE TRANSPORT(PRINCIPAL); EVLINK WB 4KW T2S; EVLINK WB 4KW T2S                    REF SCHEVH2S3P04K AVEC;2018-6210;;;
1;MATERIEL DE TRANSPORT(PRINCIPAL);FK 303 YY;308 ACTIVE BUSINESS REF 2463991       BVM6 - 6 CV - 110 CH C;2020-5651;;;
1;MATERIEL DE TRANSPORT(PRINCIPAL);FK 985 YX;308 ACTIVE BUSINESS REF 2463991       BVM6 - 6 CV - 110 CH C;2020-5652;;;
1;MATERIEL DE TRANSPORT(PRINCIPAL);308 ALLLURE PACK PURETECH 7 CV;308 ALLLURE PACK PURETECH 7 CV - 130CVBLANC BANQUISE REF 293;2021-5179;;;
1;MATERIEL DE TRANSPORT(PRINCIPAL);EN 633 HV;308 ALLURE 1.6 L BLUE            EN 633 HV;2017-6412;;;
1;MATERIEL DE TRANSPORT(PRINCIPAL);EN 523 HV;308 ALLURE 1.6L BLUE HDI S/S        EN 523 HV;2017-6411;;;
1;MATERIEL DE TRANSPORT(PRINCIPAL);308 BREAK 130 CV - GM 444 DA;308 BREAK 130 CV BLANC BANQUISE       REF 7046103 AVEC OPTIO;2023-5471;;;
1;MATERIEL DE TRANSPORT(PRINCIPAL);308 PURE TECH 130 GK 273 QB;308 PURE TECH 130 ACTIVE PACK BLANC   BLANC BANQUISE UNI REF;2023-5224;;;
1;MATERIEL DE TRANSPORT(PRINCIPAL);AGENCEMENT INTERIEUR VEHICULE;AGENCEMENT INTERIEUR VEHICULE         INTERVENTIN PRIMAIRE S;2018-6211;;;
1;MATERIEL DE TRANSPORT(PRINCIPAL);EY 410 XW;AMBU P2-AR SUR PLANCHER CABINE DUCATO 4T25 REF2025 EY 410 XW;2018-6061;;;
1;MATERIEL DE TRANSPORT(PRINCIPAL);DX 309 BJ;AMBULANCE DE REA P2-AR SUR PLANCHER CABINE DUCATO DX 309 BJ;2015-5290;;;
1;MATERIEL TRANSPORT (ECOLES); MASTER AC 693 KD;AMBULANCE MASTER 2009 OCCASION;2021-5984;;;
1;MATERIEL DE TRANSPORT(PRINCIPAL);AMENAGEMENT CAISSONS THERMOSTA;AMENAGEMENT CAISSONS THERMOSTATES      POUR BERLINGO SUIVANT;2018-6209;;;
3;MATERIEL DE TRANSPORT(PRINCIPAL);AMENAGEMENT CAISSONS THERMOSTA;AMENAGEMENT CAISSONS THERMOSTATES     POUR KANGOO SELON DEVI;2019-5442;;;
1;MATERIEL DE TRANSPORT(PRINCIPAL);AMENAGEMENT CAMION RECOUVREMEN;AMENAGEMENT CAMION RECOUVREMENT       PLANCHER PAR RESINE ET;2017-6407;;;
1;MATERIEL DE TRANSPORT(PRINCIPAL);AMENAGEMENT CAMION RECOUVREMEN;AMENAGEMENT CAMION RECOUVREMENT       PLANCHER PAR UNE RESIN;2017-6408;;;
1;MATERIEL DE TRANSPORT(PRINCIPAL);AMENAGEMENT CAMION RECOUVREMEN;AMENAGEMENT CAMION RECOUVREMENT       PLANCHER PAR UNE RESIN;2017-6409;;;
1;MATERIEL DE TRANSPORT(PRINCIPAL);DK 608 KC;AMENAGEMENT FORD GALAXY;2015-5657;;;
1;MATERIEL DE TRANSPORT(PRINCIPAL);AMENAGEMENT KANGOO;AMENAGEMENT KANGOO                    CLOISONS INTERIEURES;2019-5644;;;
1;MATERIEL DE TRANSPORT(PRINCIPAL);AMENAGEMENT KANGOO;AMENAGEMENT KANGOO                    CLOISONS INTERIEURES;2019-5645;;;
1;MATERIEL DE TRANSPORT(PRINCIPAL);AMENAGEMENT KANGOO;AMENAGEMENT KANGOO                    CLOISONS INTERIEURES;2019-5646;;;
1;MATERIEL DE TRANSPORT(PRINCIPAL);AMENAGEMENT PEUGOT 5008;AMENAGEMENT PEUGOT 5008               POSE RAMPE LUMINEUSE E;2019-5440;;;
1;MATERIEL DE TRANSPORT(PRINCIPAL);AMENAGEMENT TPMR RIFTER;AMENAGEMENT TPMR RIFTER;2023-50221;;;
1;MATERIEL DE TRANSPORT(PRINCIPAL);AMENAGEMENT VEHICULE LEGER DE;AMENAGEMENT VEHICULE LEGER DE SECOURS MEDICAL AVEC EQUIPEMEN;2016-5325;;;
1;MATERIEL DE TRANSPORT(PRINCIPAL);AMENAGEMENT VEHICULE RENAULT K;AMENAGEMENT VEHICULE RENAULT KANGOO   ZE NORMAL SELON DEVIS;2019-5441;;;
1;MATERIEL DE TRANSPORT(PRINCIPAL);AMENAGEMENT VLM FX 402 EQ;AMENAGEMENT VLM VOLKSWAGEN PROCAB     SUIVANT DEVIS AVEC COM;2021-5787;;;
1;MATERIEL DE TRANSPORT(PRINCIPAL);AMENAGEMENT VLM GA 073 WS;AMENAGEMENT VLM VOLKSWAGEN PROCAB     SUIVANT DEVIS AVEC COM;2022-6085;;;
1;MATERIEL DE TRANSPORT(PRINCIPAL);AMENAGEMENT VLM GB 352 KQ;AMENAGEMENT VLM VOLKSWAGEN PROCAB     SUIVANT DEVIS AVEC COM;2022-6086;;;
1;MATERIEL DE TRANSPORT(PRINCIPAL);ARMOIRE RENFORCEE 10 CASES AVE;ARMOIRE RENFORCEE 10 CASES AVEC       ALIMENTATION ELECTRIQU;2023-5157;;;
1;MATERIEL DE TRANSPORT(PRINCIPAL);ARMOIRE RENFORCEE 10 CASES AVE;ARMOIRE RENFORCEE 10 CASES AVEC       ALIMENTATION ELECTRIQU;2023-5158;;;
1;MATERIEL DE TRANSPORT(PRINCIPAL);ARMOIRE RENFORCEE 10 CASES AVE;ARMOIRE RENFORCEE 10 CASES AVEC       ALIMENTATION ELECTRIQU;2023-5159;;;
1;MATERIEL DE TRANSPORT(PRINCIPAL);BATTERIE LITHIUM LTPRO 300AH;BATTERIE LITHIUM LTPRO 300AH          REF 418014;2023-5460;;;
1;MATERIEL DE TRANSPORT(PRINCIPAL);BATTERIE LITHIUM LTPRO 300AH;BATTERIE LITHIUM LTPRO 300AH          REF 418014;2023-5461;;;
1;MATERIEL DE TRANSPORT(PRINCIPAL);BENNE A ORDURES RENAULT REF 28;BENNE A ORDURES RENAULT REF 2819556   AVEC OPTIONS;2022-5289;;;
6;MATERIEL DE TRANSPORT(PRINCIPAL);BEQUILLES 400 H55 AVANT PIVOTA;BEQUILLES 400 H55 AVANT PIVOTANTES    AVEC SAV HORS GAMME;2020-5647;;;
1;MATERIEL DE TRANSPORT(PRINCIPAL);ES 696 EP;BERLINGO VP FEEL BLUE HDI REF 1 709 940 AVEC OPT ES 696 EP;2018-6056;;;
13;MATERIEL DE TRANSPORT(PRINCIPAL);BOITIERS DE GEOLOCALISATION AV;BOITIERS DE GEOLOCALISATION AVEC      PREPARATION DES BOITIE;2021-5786;;;
1;MATERIEL DE TRANSPORT(PRINCIPAL);BORNE POUR KANGOO REF 2851534;BORNE POUR KANGOO REF 2851534         REF SCHEVH2S3P04K;2020-5320;;;
1;MATERIEL DE TRANSPORT(PRINCIPAL);BOXER FOURGON VITRE PRO 335 BL;BOXER FOURGON VITRE PRO 335 BLUEHDI   140 CH - 7 CV - TPMR -;2022-6072;;;
1;MATERIEL DE TRANSPORT(PRINCIPAL);BRANCARD 747 STRYKER;BRANCARD 747 AVEC FREINS ET POIGNEES  TETE PIED + TPS + MATE;2019-5212;;;
1;MATERIEL DE TRANSPORT(PRINCIPAL);BRANCARD 747 STRYKER;BRANCARD 747 AVEC FREINS ET POIGNEES  TETE PIED + TPS + MATE;2019-5213;;;
1;MATERIEL DE TRANSPORT(PRINCIPAL);BRANCARD 747 STRYKER;BRANCARD 747 AVEC FREINS ET POIGNEES  TETE PIED + TPS + MATE;2019-5214;;;
1;MATERIEL DE TRANSPORT(PRINCIPAL);BRANCARD 747 STRYKER;BRANCARD 747 AVEC FREINS ET POIGNEES  TETE PIED + TPS + MATE;2019-5215;;;
1;MATERIEL DE TRANSPORT(PRINCIPAL);BRANCARD 747 STRYKER;BRANCARD 747 AVEC FREINS ET POIGNEES  TETE PIED + TPS + MATE;2019-5216;;;
1;MATERIEL DE TRANSPORT(PRINCIPAL);BRANCARD AMBULANCE MONOBLOC 42;BRANCARD AMBULANCE MONOBLOC 420       55 CM REF 2795546 - GA;2023-5166;;;
1;MATERIEL DE TRANSPORT(PRINCIPAL);BRANCARD AMBULANCE MONOBLOC 42;BRANCARD AMBULANCE MONOBLOC 420       55 CM REF 2795546 - GA;2023-5167;;;
1;MATERIEL DE TRANSPORT(PRINCIPAL);BRANCARD AMBULANCE MONOBLOC 42;BRANCARD AMBULANCE MONOBLOC 420       55 CM REF 2795546 - GA;2023-5168;;;
1;MATERIEL DE TRANSPORT(PRINCIPAL);BRANCARD AMBULANCE MONOBLOC 42;BRANCARD AMBULANCE MONOBLOC 420       55 CM REF 2795546 - GA;2023-5169;;;
1;MATERIEL DE TRANSPORT(PRINCIPAL);BRANCARD AMBULANCE MONOBLOC 42;BRANCARD AMBULANCE MONOBLOC 420       55 CM REF 2795546 - GA;2023-5170;;;
1;MATERIEL DE TRANSPORT(PRINCIPAL);BRANCARD AMBULANCE MONOBLOC 42;BRANCARD AMBULANCE MONOBLOC 420       55 CM REF 2795546 - GA;2023-5171;;;
1;MATERIEL DE TRANSPORT(PRINCIPAL);BRANCARD AMBULANCE MONOBLOC 42;BRANCARD AMBULANCE MONOBLOC 420       55 CM REF 2795546 - GA;2023-5172;;;
1;MATERIEL DE TRANSPORT(PRINCIPAL);BRANCARD AMBULANCE MONOBLOC 42;BRANCARD AMBULANCE MONOBLOC 420       55 CM REF 2795546 - GA;2023-5173;;;
1;MATERIEL DE TRANSPORT(PRINCIPAL);BRANCARD AMBULANCE MONOBLOC 42;BRANCARD AMBULANCE MONOBLOC 420       55 CM REF 2795546 - GA;2023-5174;;;
1;MATERIEL DE TRANSPORT(PRINCIPAL);BRANCARD AMBULANCE MONOBLOC 42;BRANCARD AMBULANCE MONOBLOC 420       55 CM REF 2795546 - GA;2023-5175;;;
1;MATERIEL DE TRANSPORT(PRINCIPAL);BRANCARD 747 2021005600071;BRANCARD AMBULANCE STRYCKER 747;2021-5277;;;
1;MATERIEL DE TRANSPORT(PRINCIPAL);BRANCARD 747 2021005600104;BRANCARD AMBULANCE STRYCKER 747;2021-5273;;;
1;MATERIEL DE TRANSPORT(PRINCIPAL);BRANCARD 747 2021005600352;BRANCARD AMBULANCE STRYCKER 747;2021-5269;;;
1;MATERIEL DE TRANSPORT(PRINCIPAL);BRANCARD 747 2021005600396;BRANCARD AMBULANCE STRYCKER 747;2021-5272;;;
1;MATERIEL DE TRANSPORT(PRINCIPAL);BRANCARD 747 2021005600401;BRANCARD AMBULANCE STRYCKER 747;2021-5278;;;
1;MATERIEL DE TRANSPORT(PRINCIPAL);BRANCARD 747 2021005600403;BRANCARD AMBULANCE STRYCKER 747;2021-5271;;;
1;MATERIEL DE TRANSPORT(PRINCIPAL);BRANCARD 747 2021005600405;BRANCARD AMBULANCE STRYCKER 747;2021-5270;;;
1;MATERIEL DE TRANSPORT(PRINCIPAL);BRANCARD 747 2021005600412;BRANCARD AMBULANCE STRYCKER 747;2021-5274;;;
1;MATERIEL DE TRANSPORT(PRINCIPAL);BRANCARD 747 2021005603837;BRANCARD AMBULANCE STRYCKER 747;2021-5275;;;
1;MATERIEL DE TRANSPORT(PRINCIPAL);BRANCARD 747 2021005603863;BRANCARD AMBULANCE STRYCKER 747;2021-5276;;;
1;MATERIEL DE TRANSPORT(PRINCIPAL);BRANCARD BRANCARD 747 BASIC OR;BRANCARD BRANCARD 747 BASIC ORANGE    AVEC OPTIONS ET MATELA;2020-5134;;;
100;MATERIEL DE TRANSPORT(PRINCIPAL);BRANCARDS DE CATASTROPHE;BRANCARDS DE CATASTROPHE              REF 2081836;2020-5650;;;
1;MATERIEL DE TRANSPORT(PRINCIPAL);CAISSON REFRIGERE KAOLA 32 AFH;CAISSON REFRIGERE KAOLA 32 AFH;2023-5201;;;
1;MATERIEL DE TRANSPORT(PRINCIPAL);CAISSON REFRIGERE KAOLA 32 AFH;CAISSON REFRIGERE KAOLA 32 AFH;2023-5202;;;
2;MATERIEL DE TRANSPORT(PRINCIPAL);CAISSONS NDN G2 12/24;CAISSONS NDN G2 12/24;2023-50596;;;
1;MATERIEL DE TRANSPORT(PRINCIPAL);ES 517 QS;CAMION FRIGO 12T SUR CHASSIS AVEC ACCESS ES 517 QS;2018-6058;;;
1;MATERIEL DE TRANSPORT(PRINCIPAL);ES 315 QS;CAMION FRIGO 13T SUR CHASSIS AVEC ACCESS ES 315 QS;2018-6059;;;
1;MATERIEL DE TRANSPORT(PRINCIPAL);CAMION FRIGORIFIQUE GE 260 RW;CAMION FRIGORIFIQUE RENAULT           REF 2819576 AVEC OPTIO;2022-5853;;;
8;MATERIEL DE TRANSPORT(PRINCIPAL);CHAISES DE TRANSFERT MANCHESTE;CHAISES DE TRANSFERT MANCHESTER - 3   COLORIS ORANGE REF 229;2021-5201;;;
3;MATERIEL DE TRANSPORT(PRINCIPAL);CHAISES DE TRANSFERT MANCHESTE;CHAISES DE TRANSFERT MANCHESTER - 3   COLORIS ORANGE REF 229;2021-5299;;;
8;MATERIEL DE TRANSPORT(PRINCIPAL);CHAISES DE TRANSFERT MANCHESTE;CHAISES DE TRANSFERT MANCHESTER 3     COLORIS ORANGE AVEC OP;2022-5424;;;
3;MATERIEL DE TRANSPORT(PRINCIPAL);CHAISES DE TRANSFERT MANCHESTE;CHAISES DE TRANSFERT MANCHESTER 3     COLORIS ORANGE AVEC OP;2022-5425;;;
10;MATERIEL DE TRANSPORT(PRINCIPAL);CHAISES DE TRANSFERT MANCHESTE;CHAISES DE TRANSFERT MANCHESTER 3     REF 2 298 865 AVEC OPT;2020-5252;;;
14;MATERIEL DE TRANSPORT(PRINCIPAL);CHAISES DE TRANSFERT MANCHESTE;CHAISES DE TRANSFERT MANCHESTER 3     REF 2298865 AVEC OPTIO;2022-5290;;;
1;MATERIEL DE TRANSPORT(PRINCIPAL);CHAISES DE TRANSPORT MANCHESTE;CHAISES DE TRANSPORT MANCHESTER 3     COLORIS ABSINTHE REF 3;2023-5343;;;
10;MATERIEL DE TRANSPORT(PRINCIPAL);CHAISES DE TRANSPORT MANCHESTE;CHAISES DE TRANSPORT MANCHESTER 3     COLORIS ORANGE REF 329;2023-5325;;;
10;MATERIEL DE TRANSPORT(PRINCIPAL);CHAISES PORTOIRS PLIABLES 2 RO;CHAISES PORTOIRS PLIABLES 2 ROUES     4 POIGNEES COLORIS BLE;2020-5648;;;
1;MATERIEL DE TRANSPORT(PRINCIPAL);BRANCARD CHAPUIS- 4684;CHARIOT BRANCARD 420 CHAPUIS;2021-5341;;;
1;MATERIEL DE TRANSPORT(PRINCIPAL);CHARIOT BRANCARD 747 AVEC FREI;CHARIOT BRANCARD 747 AVEC FREINS      POIGNEES TETE PIED + T;2020-5044;;;
1;MATERIEL DE TRANSPORT(PRINCIPAL);CHARIOT BRANCARD 747 AVEC FREI;CHARIOT BRANCARD 747 AVEC FREINS      POIGNEES TETE PIED + T;2020-5045;;;
1;MATERIEL DE TRANSPORT(PRINCIPAL);CHARIOT BRANCARD 747 AVEC FREI;CHARIOT BRANCARD 747 AVEC FREINS      POIGNEES TETE PIED + T;2020-5046;;;
1;MATERIEL DE TRANSPORT(PRINCIPAL);CHARIOT BRANCARD 747 AVEC FREI;CHARIOT BRANCARD 747 AVEC FREINS      POIGNEES TETE PIED + T;2020-5047;;;
1;MATERIEL DE TRANSPORT(PRINCIPAL);CHARIOT BRANCARD 747 AVEC FREI;CHARIOT BRANCARD 747 AVEC FREINS      POIGNEES TETE PIED + T;2020-5048;;;
1;MATERIEL DE TRANSPORT(PRINCIPAL);CHARIOT BRANCARD 747 AVEC FREI;CHARIOT BRANCARD 747 AVEC FREINS      POIGNEES TETE PIED + T;2020-5049;;;
1;MATERIEL DE TRANSPORT(PRINCIPAL);CHARIOT BRANCARD 747 AVEC FREI;CHARIOT BRANCARD 747 AVEC FREINS      POIGNEES TETE PIED + T;2020-5050;;;
1;MATERIEL DE TRANSPORT(PRINCIPAL);CHARIOT BRANCARD 747 AVEC FREI;CHARIOT BRANCARD 747 AVEC FREINS      POIGNEES TETE PIED + T;2020-5051;;;
1;MATERIEL DE TRANSPORT(PRINCIPAL);CHARIOT BRANCARD 747 AVEC FREI;CHARIOT BRANCARD 747 AVEC FREINS      POIGNEES TETE PIED + T;2020-5055;;;
1;MATERIEL DE TRANSPORT(PRINCIPAL);CHARIOT BRANCARD 747 AVEC FREI;CHARIOT BRANCARD 747 AVEC FREINS      POIGNEES TETE PIED + T;2020-5056;;;
1;MATERIEL DE TRANSPORT(PRINCIPAL);CHARIOT BRANCARD 747 AVEC FREI;CHARIOT BRANCARD 747 AVEC FREINS      POIGNEES TETE PIED + T;2020-5057;;;
1;MATERIEL DE TRANSPORT(PRINCIPAL);CHARIOT BRANCARD 747 AVEC FREI;CHARIOT BRANCARD 747 AVEC FREINS      POIGNEES TETE PIED + T;2020-5058;;;
1;MATERIEL DE TRANSPORT(PRINCIPAL);CHARIOT BRANCARD 747 BASIC STR;CHARIOT BRANCARD 747 BASIC STRYCKER   REF 2304087 AVEC MATEL;2022-5271;;;
1;MATERIEL DE TRANSPORT(PRINCIPAL);CHARIOT BRANCARD 747 BASIC STR;CHARIOT BRANCARD 747 BASIC STRYCKER   REF 2304087 AVEC MATEL;2022-5272;;;
1;MATERIEL DE TRANSPORT(PRINCIPAL);CHARIOT BRANCARD 747 BASIC STR;CHARIOT BRANCARD 747 BASIC STRYCKER   REF 2304087 AVEC MATEL;2022-5273;;;
1;MATERIEL DE TRANSPORT(PRINCIPAL);CHARIOT BRANCARD 747 BASIC STR;CHARIOT BRANCARD 747 BASIC STRYCKER   REF 2304087 AVEC MATEL;2022-5274;;;
1;MATERIEL DE TRANSPORT(PRINCIPAL);CHARIOT BRANCARD 747 BASIC STR;CHARIOT BRANCARD 747 BASIC STRYCKER   REF 2304087 AVEC MATEL;2022-5275;;;
1;MATERIEL DE TRANSPORT(PRINCIPAL);CHARIOT BRANCARD 747 BASIC STR;CHARIOT BRANCARD 747 BASIC STRYCKER   REF 2304087 AVEC MATEL;2022-5276;;;
1;MATERIEL DE TRANSPORT(PRINCIPAL);CHARIOT BRANCARD 747 BASIC STR;CHARIOT BRANCARD 747 BASIC STRYCKER   REF 2304087 AVEC MATEL;2022-5277;;;
1;MATERIEL DE TRANSPORT(PRINCIPAL);CHARIOT BRANCARD 747 BASIC STR;CHARIOT BRANCARD 747 BASIC STRYCKER   REF 2304087 AVEC MATEL;2022-5278;;;
1;MATERIEL DE TRANSPORT(PRINCIPAL);CHARIOT BRANCARD 747 BASIC STR;CHARIOT BRANCARD 747 BASIC STRYCKER   REF 2304087 AVEC MATEL;2022-5279;;;
1;MATERIEL DE TRANSPORT(PRINCIPAL);CHARIOT BRANCARD 747 BASIC STR;CHARIOT BRANCARD 747 BASIC STRYCKER   REF 2304087 AVEC MATEL;2022-5280;;;
1;MATERIEL DE TRANSPORT(PRINCIPAL);CHARIOT BRANCARD BASIC 747;CHARIOT BRANCARD BASIC 747            REF 2304087;2022-5468;;;
1;MATERIEL DE TRANSPORT(PRINCIPAL);CHARIOT BRANCARD BASIC 747;CHARIOT BRANCARD BASIC 747            REF 2304087;2022-5469;;;
1;MATERIEL DE TRANSPORT(PRINCIPAL);CHARIOT BRANCARD BASIC 747;CHARIOT BRANCARD BASIC 747            REF 2304087;2022-5470;;;
1;MATERIEL DE TRANSPORT(PRINCIPAL);CHARIOT BRANCARD BASIC 747;CHARIOT BRANCARD BASIC 747            REF 2304087;2022-5471;;;
1;MATERIEL DE TRANSPORT(PRINCIPAL);CHARIOT BRANCARD BASIC 747;CHARIOT BRANCARD BASIC 747            REF 2304087;2022-5472;;;
1;MATERIEL DE TRANSPORT(PRINCIPAL);CHARIOT BRANCARD BASIC 747;CHARIOT BRANCARD BASIC 747            REF 2304087;2022-5473;;;
1;MATERIEL DE TRANSPORT(PRINCIPAL);CHARIOT BRANCARD BASIC 747;CHARIOT BRANCARD BASIC 747            REF 2304087;2022-5474;;;
1;MATERIEL DE TRANSPORT(PRINCIPAL);CHARIOT BRANCARD BASIC 747;CHARIOT BRANCARD BASIC 747            REF 2304087;2022-5475;;;
1;MATERIEL DE TRANSPORT(PRINCIPAL);CHARIOT BRANCARD BASIC 747;CHARIOT BRANCARD BASIC 747            REF 2304087;2022-5476;;;
1;MATERIEL DE TRANSPORT(PRINCIPAL);CHARIOT BRANCARD BASIC 747;CHARIOT BRANCARD BASIC 747            REF 2304087;2022-5477;;;
1;MATERIEL DE TRANSPORT(PRINCIPAL); BRANCARD CHAPUIS 4690;CHARIOT BRANCARD CHAPUIS 420;2021-5340;;;
1;MATERIEL DE TRANSPORT(PRINCIPAL);BRANCARD 420- 4688;CHARIOT BRANCARD CHAPUIS 420;2021-5346;;;
1;MATERIEL DE TRANSPORT(PRINCIPAL);BRANCARD CHAPUIS  - 4687;CHARIOT BRANCARD CHAPUIS 420;2021-5347;;;
1;MATERIEL DE TRANSPORT(PRINCIPAL);BRANCARD CHAPUIS  - 4689;CHARIOT BRANCARD CHAPUIS 420;2021-5349;;;
1;MATERIEL DE TRANSPORT(PRINCIPAL);BRANCARD CHAPUIS  - 4691;CHARIOT BRANCARD CHAPUIS 420;2021-5344;;;
1;MATERIEL DE TRANSPORT(PRINCIPAL);BRANCARD CHAPUIS - 4685;CHARIOT BRANCARD CHAPUIS 420;2021-5345;;;
1;MATERIEL DE TRANSPORT(PRINCIPAL);BRANCARD CHAPUIS - 4692;CHARIOT BRANCARD CHAPUIS 420;2021-5343;;;
1;MATERIEL DE TRANSPORT(PRINCIPAL);BRANCARD CHAPUIS- 4686;CHARIOT BRANCARD CHAPUIS 420;2021-5348;;;
1;MATERIEL DE TRANSPORT(PRINCIPAL);CHARIOT CHAPUIS- 4693;CHARIOT BRANCARD CHAPUIS 420;2021-5342;;;
1;MATERIEL DE TRANSPORT(PRINCIPAL);CHARIOTS BRANCARDS 420 CF;CHARIOTS BRANCARDS 420 CF             REF : CFMV AVEC MATELA;2020-5082;;;
1;MATERIEL DE TRANSPORT(PRINCIPAL);CHARIOTS BRANCARDS 420 CF;CHARIOTS BRANCARDS 420 CF             REF : CFMV AVEC MATELA;2020-5083;;;
1;MATERIEL DE TRANSPORT(PRINCIPAL);CHARIOTS BRANCARDS 420 CF;CHARIOTS BRANCARDS 420 CF             REF : CFMV AVEC MATELA;2020-5084;;;
1;MATERIEL DE TRANSPORT(PRINCIPAL);CHARIOTS BRANCARDS 420 CF;CHARIOTS BRANCARDS 420 CF             REF : CFMV AVEC MATELA;2020-5085;;;
1;MATERIEL DE TRANSPORT(PRINCIPAL);CIRC LGD LC BAAAAAAB - BIT;CIRC LGD LC BAAAAAAB - BIT            REF 9126833-245;2018-6062;;;
1;MATERIEL DE TRANSPORT(PRINCIPAL);GC901GH - C3;CITROEN C3  / PROJET HAD              SELON DEVIS 36358605;2021-5976;;;
1;MATERIEL DE TRANSPORT(PRINCIPAL);CLIO BUSINESS TCE 90 PACK 5 CV;CLIO BUSINESS TCE 90 PACK 5 CV - 90 CHREF 2949704 AVEC OPTIO;2021-5180;;;
1;MATERIEL DE TRANSPORT(PRINCIPAL);CLIO BUSINESS TCE 90 PACK 5 CV;CLIO BUSINESS TCE 90 PACK 5 CV - 90 CHREF 2949704 AVEC OPTIO;2021-5202;;;
12;MATERIEL DE TRANSPORT(PRINCIPAL);COBALT 2 POUR SONDE NUMERIQUE;COBALT 2 POUR SONDE NUMERIQUE         REF ENR C28.P002;2021-5785;;;
1;MATERIEL DE TRANSPORT(PRINCIPAL);DISPOSITIFS AIDE AU BRANCARDAG;DISPOSITIFS AIDE AU BRANCARDAGE;2019-5847;;;
1;MATERIEL DE TRANSPORT(PRINCIPAL);DISPOSITIFS AIDE AU BRANCARDAG;DISPOSITIFS AIDE AU BRANCARDAGE;2019-5848;;;
1;MATERIEL DE TRANSPORT(PRINCIPAL);DISPOSITIFS AIDE AU BRANCARDAG;DISPOSITIFS AIDE AU BRANCARDAGE;2019-5849;;;
1;MATERIEL DE TRANSPORT(PRINCIPAL);DISPOSITIFS AIDE AU BRANCARDAG;DISPOSITIFS AIDE AU BRANCARDAGE;2019-5850;;;
1;MATERIEL DE TRANSPORT(PRINCIPAL);DISPOSITIFS AIDE AU BRANCARDAG;DISPOSITIFS AIDE AU BRANCARDAGE;2019-5851;;;
1;MATERIEL DE TRANSPORT(PRINCIPAL);DISPOSITIFS AIDE AU BRANCARDAG;DISPOSITIFS AIDE AU BRANCARDAGE;2019-5852;;;
1;MATERIEL DE TRANSPORT(PRINCIPAL);DISPOSITIFS AIDE AU BRANCARDAG;DISPOSITIFS AIDE AU BRANCARDAGE;2019-5853;;;
1;MATERIEL DE TRANSPORT(PRINCIPAL);DISPOSITIFS AIDE AU BRANCARDAG;DISPOSITIFS AIDE AU BRANCARDAGE;2019-5854;;;
1;MATERIEL DE TRANSPORT(PRINCIPAL);DISPOSITIFS AIDE AU BRANCARDAG;DISPOSITIFS AIDE AU BRANCARDAGE;2019-5855;;;
2;MATERIEL DE TRANSPORT(PRINCIPAL);ENROULEUR MECANIQUE AUTONOME R;ENROULEUR MECANIQUE AUTONOME REF 5014;2022-52308;;;
10;MATERIEL DE TRANSPORT(PRINCIPAL);FAUTEUIL DE TRANSFERT MANCHEST;FAUTEUIL DE TRANSFERT MANCHESTER 3     FREIN AUX PIEDS AVEC;2019-5446;;;
12;MATERIEL DE TRANSPORT(PRINCIPAL);FAUTEUILS DE TRANSFERT MANCHES;FAUTEUILS DE TRANSFERT MANCHESTER     FREIN AUX PIEDS AVEC O;2018-5366;;;
3;MATERIEL DE TRANSPORT(PRINCIPAL);FOURNITURE ET POSE D'UNE RAMPE;FOURNITURE ET POSE D'UNE RAMPE ARRIEREA LED MODELE RENFORCE;2022-50334;;;
1;MATERIEL DE TRANSPORT(PRINCIPAL);FOURNITURE ET POSE UN TREUIL M;FOURNITURE ET POSE UN TREUIL MICRO    WINCH SOUS LA BANQUETT;2020-5646;;;
1;MATERIEL DE TRANSPORT(PRINCIPAL);DR 041 JD;GRAND SCENIC ZEN 7P BLANC 1520221 AVEC TAPIS 139 DR 041 JD;2015-5285;;;
4;MATERIEL DE TRANSPORT(PRINCIPAL);HARNAIS DE MAINTIEN PEDIATRIQU;HARNAIS DE MAINTIEN PEDIATRIQUE       9 A 36 KG KIDY SAFE RE;2019-5935;;;
1;MATERIEL DE TRANSPORT(PRINCIPAL);JUMPY FH377NG;JUMPY BUSINESS FOURGON XL BLUE HDI    120 S/S BVM6 7 CV -120;2021-5978;;;
1;MATERIEL DE TRANSPORT(PRINCIPAL);JUMPY FH401NG;JUMPY BUSINESS FOURGON XL BLUEHDI     120 S/S BVM6 - 7 CV -1;2021-5979;;;
1;MATERIEL DE TRANSPORT(PRINCIPAL);JUMPY FH421NG;JUMPY BUSINESS FOURGON XL BLUEHDI     120 S/S BVM6 - 7 CV -1;2021-5980;;;
1;MATERIEL DE TRANSPORT(PRINCIPAL);JUMPY - FH 401 NG;JUMPY BUSSINESS FOURGON XL BLUE HDI   AVEC OPTIONS REF 23396;2021-5982;;;
1;MATERIEL DE TRANSPORT(PRINCIPAL);JUMPY BUSSINESS FOURGON XL BLU;JUMPY BUSSINESS FOURGON XL BLUE HDI   AVEC OPTIONS REF 23396;2021-5983;;;
1;MATERIEL DE TRANSPORT(PRINCIPAL);JUMPY FH 377 NG;JUMPY BUSSINESS FOURGON XL BLUE HDI   AVEC OPTIONS REF 23396;2021-5981;;;
1;MATERIEL DE TRANSPORT(PRINCIPAL);DQ 647 PG;KANGOO EXPRESS 1574617 GDCOM BLANC+PORTE AR.VITREE DQ 647 PG;2015-5288;;;
1;MATERIEL DE TRANSPORT(PRINCIPAL);DQ 661 PG;KANGOO EXPRESS 1574617 GDCOM BLANC+PORTE AR.VITREE DQ 661 PG;2015-5287;;;
1;MATERIEL DE TRANSPORT(PRINCIPAL);KANGOO EXPRESS FD 095 QN;KANGOO EXPRESS CONFORT ENERGY TCE     115 7 CV REF 2242036 A;2019-5407;;;
1;MATERIEL DE TRANSPORT(PRINCIPAL);KANGOO EXPRESS FD 100 QN;KANGOO EXPRESS CONFORT ENERGY TCE     115 7 CV REF 2242036 A;2019-5408;;;
1;MATERIEL DE TRANSPORT(PRINCIPAL);KANGOO EXPRESS FD 989 TJ;KANGOO EXPRESS CONFORT ENERGY TCE     115 7 CV REF 2242036 A;2019-5406;;;
1;MATERIEL DE TRANSPORT(PRINCIPAL);EZ 053 VH;KANGOO Z.E. 33 CONFORT 3 PORTES 7CV 60 CH BLANC EZ 053 VH;2018-5219;;;
1;MATERIEL DE TRANSPORT(PRINCIPAL);EW 751 GE;KANGOO ZE 33 CONFORT REF 2 200 844 AVEC OPT EW 751 GE;2018-6057;;;
1;MATERIEL DE TRANSPORT(PRINCIPAL);KANGOO - FT924YP;KANGOO ZE CONFORT 60 CV REF 2851534   COLORIS BLANC GLACIER;2021-5788;;;
10;MATERIEL DE TRANSPORT(PRINCIPAL);KIT CABLE ANTISTATIQUE REF S25;KIT CABLE ANTISTATIQUE REF S25.134    EN LIEN AVEC COMMANDE;2023-50488;;;
5;MATERIEL DE TRANSPORT(PRINCIPAL);KOALA 140 AFH REF K140AFISCZMO;KOALA 140 AFH REF K140AFISCZMO;2023-51573;;;
1;MATERIEL DE TRANSPORT(PRINCIPAL);MAIN COURANTE SOUS BAIES-MARCH;MAIN COURANTE SOUS BAIES-MARCHE PIED  LATERAL ESCAM. POIGNEE;2015-7149;;;
1;MATERIEL DE TRANSPORT(PRINCIPAL);DQ 139 SF;MASTER FOURGON GRAND CONFORT TRACTION F2500 DQ 139 SF;2015-7150;;;
1;MATERIEL DE TRANSPORT(PRINCIPAL);MASTER GRAND CONFORT PLANCHER;MASTER GRAND CONFORT PLANCHER CABINE  150 CH - 8CV REF 29502;2022-6069;;;
10;MATERIEL DE TRANSPORT(PRINCIPAL);MATELAS SUPER CONFORT 3 PLACES;MATELAS SUPER CONFORT 3 PLACES PLAT   8CM MEMOIRE FORME REF;2021-5783;;;
1;MATERIEL DE TRANSPORT(PRINCIPAL);MOBILIT V5 + PLG + BLI AVEC OP;MOBILIT V5 + PLG + BLI AVEC OPTIONS   REF CEMBO16PLGBLI02 AV;2020-5334;;;
1;MATERIEL DE TRANSPORT(PRINCIPAL);OPTIONS ECLAIRAGE;OPTIONS ECLAIRAGE  + HOUSSES;2022-50330;;;
1;MATERIEL DE TRANSPORT(PRINCIPAL);OPTIONS ECLAIRAGE;OPTIONS ECLAIRAGE + HOUSSES;2022-50329;;;
1;MATERIEL DE TRANSPORT(PRINCIPAL);OUTIL DIAGNOSTIQUE POUR GARAGE;OUTIL DIAGNOSTIQUE POUR GARAGE        SUIVANT DEVIS;2018-6212;;;
1;MATERIEL DE TRANSPORT(PRINCIPAL);P 1 RENAULT D26- GQ-152-GW;P 1 RENAULT D26 WIDE REF 2 840 731    AVEC CDE GT 839690;2023-5830;;;
1;MATERIEL DE TRANSPORT(PRINCIPAL);PARTNER PREMIUM - GM 971 CM;PARTNER PREMIUM 5 CV - 100CH BLANC    BANQUISE REF 3120446 A;2023-5828;;;
1;MATERIEL DE TRANSPORT(PRINCIPAL);PARTNER PREMIUM - GM 976 CM;PARTNER PREMIUM 5 CV - 100CH BLANC    BANQUISE REF 3120446 A;2023-5829;;;
1;MATERIEL DE TRANSPORT(PRINCIPAL);PARTNER PREMIUM 5 CV GM 990 CM;PARTNER PREMIUM 5 CV - 100CH BLANC    BANQUISE REF 3120446 A;2023-5472;;;
1;MATERIEL DE TRANSPORT(PRINCIPAL);PEUGEOT 308 BLANC - GK 720 JS;PEUGEOT 308 BLANC BANQUISE            REF 7046080 AVEC OPTIO;2023-5225;;;
1;MATERIEL DE TRANSPORT(PRINCIPAL);PEUGEOT 308 BLANC GK 227 QB;PEUGEOT 308 BLANC BANQUISE            REF 7046080 AVEC OPTIO;2023-5226;;;
1;MATERIEL DE TRANSPORT(PRINCIPAL);PEUGEOT 5008 1.5 BLUE HDI 130;PEUGEOT 5008 1.5 BLUE HDI 130 CH      ALLURE PACK OPTIONS -;2022-6068;;;
1;MATERIEL DE TRANSPORT(PRINCIPAL);FB 911 XC;POIDS LOURDS 12 TONNES BLANC REF 5246734 AVEC OPT FB 911 XC;2018-6213;;;
1;MATERIEL DE TRANSPORT(PRINCIPAL);FB 643 XM;POIDS LOURDS 12 TONNES BLANC REF 5246734 AVEC OPTI FB 643 XM;2018-5535;;;
1;MATERIEL DE TRANSPORT(PRINCIPAL);POIDS LOURDS CHASSIS 12 T AVEC;POIDS LOURDS CHASSIS 12 T AVEC CAISSE ET HAYON SUIVANT DEVIS;2017-50270;;;
1;MATERIEL DE TRANSPORT(PRINCIPAL);EJ 302 LB;POIDS LOURDS CHASSIS 19 T & CAISSE ET HAYON EJ 302 LB;2017-6417;;;
1;MATERIEL DE TRANSPORT(PRINCIPAL);EJ 643 LC;POIDS LOURDS CHASSIS 19 T & CAISSE ET HAYON EJ 643 LC;2017-6416;;;
1;MATERIEL DE TRANSPORT(PRINCIPAL);PONT A CISEAUX AVEC TRAVERSE L;PONT A CISEAUX AVEC TRAVERSE LEVAGE   RAMPE ACCES ET INSTALL;2021-5782;;;
1;MATERIEL DE TRANSPORT(PRINCIPAL);PORTOIR BRANCARD 492 AVEC MATE;PORTOIR BRANCARD 492 AVEC MATELAS     REF 1947809 AVEC 2 TIG;2018-5350;;;
1;MATERIEL DE TRANSPORT(PRINCIPAL);PORTOIR BRANCARD 492 AVEC MATE;PORTOIR BRANCARD 492 AVEC MATELAS     REF 1947809 AVEC 2 TIG;2018-5351;;;
1;MATERIEL DE TRANSPORT(PRINCIPAL);PORTOIR BRANCARD 492 AVEC MATE;PORTOIR BRANCARD 492 AVEC MATELAS     REF 1947809 AVEC 2 TIG;2018-5352;;;
1;MATERIEL DE TRANSPORT(PRINCIPAL);PORTOIR BRANCARD 492 AVEC MATE;PORTOIR BRANCARD 492 AVEC MATELAS     REF 1947809 AVEC 2 TIG;2018-5353;;;
1;MATERIEL DE TRANSPORT(PRINCIPAL);PORTOIR BRANCARD 492 AVEC MATE;PORTOIR BRANCARD 492 AVEC MATELAS     REF 1947809 AVEC 2 TIG;2018-5354;;;
1;MATERIEL DE TRANSPORT(PRINCIPAL);PORTOIR BRANCARD 492 AVEC MATE;PORTOIR BRANCARD 492 AVEC MATELAS     REF 1947809 AVEC 2 TIG;2018-5355;;;
1;MATERIEL DE TRANSPORT(PRINCIPAL);PORTOIR BRANCARD 492 AVEC MATE;PORTOIR BRANCARD 492 AVEC MATELAS     REF 1947809 AVEC 2 TIG;2018-5356;;;
1;MATERIEL DE TRANSPORT(PRINCIPAL);PORTOIR BRANCARD 492 AVEC MATE;PORTOIR BRANCARD 492 AVEC MATELAS     REF 1947809 AVEC 2 TIG;2018-5357;;;
1;MATERIEL DE TRANSPORT(PRINCIPAL);PORTOIR BRANCARD 492 AVEC MATE;PORTOIR BRANCARD 492 AVEC MATELAS     REF 1947809 AVEC 2 TIG;2018-5358;;;
1;MATERIEL DE TRANSPORT(PRINCIPAL);PORTOIR BRANCARD 492 AVEC MATE;PORTOIR BRANCARD 492 AVEC MATELAS     REF 1947809 AVEC 2 TIG;2018-5359;;;
1;MATERIEL DE TRANSPORT(PRINCIPAL);PORTOIR BRANCARD 492 AVEC MATE;PORTOIR BRANCARD 492 AVEC MATELAS     REF 1947809 AVEC 2 TIG;2018-5360;;;
1;MATERIEL DE TRANSPORT(PRINCIPAL);PORTOIR BRANCARD 492 AVEC MATE;PORTOIR BRANCARD 492 AVEC MATELAS     REF 1947809 AVEC 2 TIG;2018-5361;;;
1;MATERIEL DE TRANSPORT(PRINCIPAL);PORTOIR BRANCARD 492 AVEC MATE;PORTOIR BRANCARD 492 AVEC MATELAS     REF 1947809 AVEC 2 TIG;2018-5362;;;
1;MATERIEL DE TRANSPORT(PRINCIPAL);PORTOIR BRANCARD 492 AVEC MATE;PORTOIR BRANCARD 492 AVEC MATELAS     REF 1947809 AVEC 2 TIG;2018-5363;;;
1;MATERIEL DE TRANSPORT(PRINCIPAL);PORTOIR BRANCARD 492 AVEC MATE;PORTOIR BRANCARD 492 AVEC MATELAS     REF 1947809 AVEC 2 TIG;2018-5364;;;
1;MATERIEL DE TRANSPORT(PRINCIPAL);PORTOIR BRANCARD 492 CHAPUIS;PORTOIR BRANCARD 492 REF 1947809      AVEC 2 TIGES PORTE SER;2019-5048;;;
1;MATERIEL DE TRANSPORT(PRINCIPAL);PORTOIR BRANCARD 492 CHAPUIS;PORTOIR BRANCARD 492 REF 1947809      AVEC 2 TIGES PORTE SER;2019-5049;;;
1;MATERIEL DE TRANSPORT(PRINCIPAL);PORTOIR BRANCARD 492 CHAPUIS;PORTOIR BRANCARD 492 REF 1947809      AVEC 2 TIGES PORTE SER;2019-5050;;;
1;MATERIEL DE TRANSPORT(PRINCIPAL);PORTOIR BRANCARD 492 CHAPUIS;PORTOIR BRANCARD 492 REF 1947809      AVEC 2 TIGES PORTE SER;2019-5051;;;
1;MATERIEL DE TRANSPORT(PRINCIPAL);PORTOIR BRANCARD 492 CHAPUIS;PORTOIR BRANCARD 492 REF 1947809      AVEC 2 TIGES PORTE SER;2019-5052;;;
1;MATERIEL DE TRANSPORT(PRINCIPAL);PORTOIR BRANCARD 492 CHAPUIS;PORTOIR BRANCARD 492 REF 1947809      AVEC 2 TIGES PORTE SER;2019-5053;;;
1;MATERIEL DE TRANSPORT(PRINCIPAL);PORTOIR BRANCARD 492 CHAPUIS;PORTOIR BRANCARD 492 REF 1947809      AVEC 2 TIGES PORTE SER;2019-5054;;;
1;MATERIEL DE TRANSPORT(PRINCIPAL);PORTOIR BRANCARD 492 CHAPUIS;PORTOIR BRANCARD 492 REF 1947809      AVEC 2 TIGES PORTE SER;2019-5055;;;
1;MATERIEL DE TRANSPORT(PRINCIPAL);PORTOIR BRANCARD 492 CHAPUIS;PORTOIR BRANCARD 492 REF 1947809      AVEC 2 TIGES PORTE SER;2019-5056;;;
1;MATERIEL DE TRANSPORT(PRINCIPAL);PORTOIR BRANCARD 492 CHAPUIS;PORTOIR BRANCARD 492 REF 1947809      AVEC 2 TIGES PORTE SER;2019-5057;;;
1;MATERIEL DE TRANSPORT(PRINCIPAL);PORTOIR BRANCARD 492 CHAPUIS;PORTOIR BRANCARD 492 REF 1947809      AVEC 2 TIGES PORTE SER;2019-5058;;;
1;MATERIEL DE TRANSPORT(PRINCIPAL);PORTOIR BRANCARD 492 CHAPUIS;PORTOIR BRANCARD 492 REF 1947809      AVEC 2 TIGES PORTE SER;2019-5059;;;
1;MATERIEL DE TRANSPORT(PRINCIPAL);PORTOIR BRANCARD 492 CHAPUIS;PORTOIR BRANCARD 492 REF 1947809      AVEC 2 TIGES PORTE SER;2019-5060;;;
1;MATERIEL DE TRANSPORT(PRINCIPAL);PORTOIR BRANCARD 492 CHAPUIS;PORTOIR BRANCARD 492 REF 1947809      AVEC 2 TIGES PORTE SER;2019-5061;;;
1;MATERIEL DE TRANSPORT(PRINCIPAL);PORTOIR BRANCARD 492 CHAPUIS;PORTOIR BRANCARD 492 REF 1947809      AVEC 2 TIGES PORTE SER;2019-5062;;;
1;MATERIEL DE TRANSPORT(PRINCIPAL);PORTOIR BRANCARD 492 CHAPUIS;PORTOIR BRANCARD 492 REF 1947809      AVEC 2 TIGES PORTE SER;2019-5063;;;
1;MATERIEL DE TRANSPORT(PRINCIPAL);PORTOIR BRANCARD 492 CHAPUIS;PORTOIR BRANCARD 492 REF 1947809      AVEC 2 TIGES PORTE SER;2019-5064;;;
1;MATERIEL DE TRANSPORT(PRINCIPAL);PORTOIR BRANCARD 492 CHAPUIS;PORTOIR BRANCARD 492 REF 1947809      AVEC 2 TIGES PORTE SER;2019-5065;;;
1;MATERIEL DE TRANSPORT(PRINCIPAL);PORTOIR BRANCARD 492 CHAPUIS;PORTOIR BRANCARD 492 REF 1947809      AVEC 2 TIGES PORTE SER;2019-5066;;;
1;MATERIEL DE TRANSPORT(PRINCIPAL);PORTOIR BRANCARD 492 CHAPUIS;PORTOIR BRANCARD 492 REF 1947809      AVEC 2 TIGES PORTE SER;2019-5067;;;
1;MATERIEL DE TRANSPORT(PRINCIPAL);PRESSE 50T BAHCO REF BH750;PRESSE 50T BAHCO REF BH750            ET DIVERS OUTILLAGE SE;2021-5780;;;
1;MATERIEL DE TRANSPORT(PRINCIPAL);RAMPE - SIRENE - HAUT PARLEUR;RAMPE - SIRENE - HAUT PARLEUR - FEUX  POUR EQUIPER VEHICULE;2016-5326;;;
1;MATERIEL DE TRANSPORT(PRINCIPAL);ER 519 HE;REMORQUE IFOR WILLIAMS AVEC ROUE  ER 519 HE;2017-6410;;;
1;MATERIEL DE TRANSPORT(PRINCIPAL);DR 403 ZS;RENAULT MAXITY PTAC 3.5 T  1386294 FOURGON DR 403 ZS;2015-7027;;;
1;MATERIEL DE TRANSPORT(PRINCIPAL);RIFTER ALLURE GD 053 XC;RIFTER ALLURE LONG 7 CH 130 CV        REF 2951106 COLORIS BL;2022-6070;;;
1;MATERIEL DE TRANSPORT(PRINCIPAL);RIFTER ALLURE GD 931 SX;RIFTER ALLURE LONG 7 CV 130 CV        REF 2 951 106 COLORIS;2022-6071;;;
1;MATERIEL DE TRANSPORT(PRINCIPAL);EC 787 FW;SHARAN CONFORTLINE 2.0 TSI 220 DSG6 13 CV 220 EC 787 FW;2016-5017;;;
1;MATERIEL DE TRANSPORT(PRINCIPAL);WW 685 EM;SHARAN CONFORTLINE 2.0 TSI 220 DSG6 13 CV-220CH WW 685 EM;2018-6035;;;
2;MATERIEL DE TRANSPORT(PRINCIPAL);SUPORT CASSETTE SOUS BUSTE;SUPORT CASSETTE SOUS BUSTE            REF 105045300;2021-51875;;;
3;MATERIEL DE TRANSPORT(PRINCIPAL);SUPORT LATERAL DE CASSETTE;SUPORT LATERAL DE CASSETTE            REF 105045100;2021-51876;;;
1;MATERIEL DE TRANSPORT(PRINCIPAL);FA 148 VS;SUV 5008 ALLURE BLUEHDI 130 S&S BVM6 AVEC OPT FA 148 VS;2018-5603;;;
1;MATERIEL DE TRANSPORT(PRINCIPAL);SYSTEME CHARGEMENT MOTORISE PO;SYSTEME CHARGEMENT MOTORISE POWER     LOAD REF 2082624;2018-6064;;;
2;MATERIEL DE TRANSPORT(PRINCIPAL);TABLETTES PORTE DEFIBRILLATEUR;TABLETTES PORTE DEFIBRILLATEUR        REF 1105045200;2018-6063;;;
1;MATERIEL DE TRANSPORT(PRINCIPAL);TPMR 4/5 - SIEGE AMOVIBLE  ABA;TPMR 4/5 - SIEGE AMOVIBLE  ABAISSEMENTMAIN COURANTE - MARCHE;2022-6073;;;
1;MATERIEL DE TRANSPORT(PRINCIPAL);TPMR RIFTER;TPMR RIFTER;2023-50222;;;
1;MATERIEL DE TRANSPORT(PRINCIPAL);TRAFIC ETOILE L1H1 GRAND CONFO;TRAFIC ETOILE L1H1 GRAND CONFORT 145  CV 2 PORTES LATERALES;2021-5255;;;
1;MATERIEL DE TRANSPORT(PRINCIPAL);TRAFIC ETOILE L1H1 GRAND CONFO;TRAFIC ETOILE L1H1 GRAND CONFORT 145  CV 2 PORTES LATERALES;2021-5256;;;
1;MATERIEL DE TRANSPORT(PRINCIPAL);TRAFIC ETOILE L1H1 GRAND CONFO;TRAFIC ETOILE L1H1 GRAND CONFORT 145  CV 2 PORTES LATERALES;2021-5257;;;
1;MATERIEL DE TRANSPORT(PRINCIPAL);TRAFIC ETOILE L1H1 GRAND CONFO;TRAFIC ETOILE L1H1 GRAND CONFORT 145  CV 2 PORTES LATERALES;2022-5310;;;
1;MATERIEL DE TRANSPORT(PRINCIPAL);TRAFIC ETOILE L1H1 GRAND CONFO;TRAFIC ETOILE L1H1 GRAND CONFORT 145  CV 2 PORTES LATERALES;2022-5311;;;
1;MATERIEL DE TRANSPORT(PRINCIPAL);TRAFIC ETOILE L1H1 GRAND CONFO;TRAFIC ETOILE L1H1 GRAND CONFORT 145  CV 2 PORTES LATERALES;2022-5312;;;
1;MATERIEL DE TRANSPORT(PRINCIPAL);TRAFIC ETOILE L1H1 GRAND CONFO;TRAFIC ETOILE L1H1 GRAND CONFORT 145  CV 2 PORTES LATERALES;2022-5313;;;
1;MATERIEL DE TRANSPORT(PRINCIPAL);TRAFIC ETOILE L2H1 GRAND CONFO;TRAFIC ETOILE L2H1 GRAND CONFORT 145  CV 2 PORTES LATERALES;2021-5258;;;
1;MATERIEL DE TRANSPORT(PRINCIPAL);TRAFIC GRAND CONFORT + AMENAGE;TRAFIC GRAND CONFORT + AMENAGEMENT    INTERIEUR SUIVANT PHOT;2021-5784;;;
1;MATERIEL DE TRANSPORT(PRINCIPAL);TRANSFERT CELLULE PLANCHER CAB;TRANSFERT CELLULE PLANCHER CABINE     UMH SUR FIAT DUCATO  D;2020-5649;;;
1;MATERIEL DE TRANSPORT(PRINCIPAL);TRANSPORTER PROCAB L1 CONFORT;TRANSPORTER PROCAB L1 CONFORT 2.0 TDI REF SHA1M90FCD-CAB;2020-5733;;;
1;MATERIEL DE TRANSPORT(PRINCIPAL);TRANSPORTER PROCAB L1 CONFORT;TRANSPORTER PROCAB L1 CONFORT 2.0 TDI REF SHA1M90FCD-CAB;2020-5734;;;
1;MATERIEL DE TRANSPORT(PRINCIPAL);TRANSPORTER PROCAB L1 CONFORT;TRANSPORTER PROCAB L1 CONFORT 2.0 TDI REF SHA1M90FCD-CAB;2020-5735;;;
1;MATERIEL DE TRANSPORT(PRINCIPAL);TREUIL AMOVIBLE POUR BOXER FOU;TREUIL AMOVIBLE POUR BOXER FOURGON    VITRE;2021-5977;;;
1;MATERIEL DE TRANSPORT(PRINCIPAL);VEHICULE 208 - GN 935 GA;VEHICULE 208 ACTIVE PACK 136 CH       4 CV REF 3237595 AVEC;2023-5827;;;
1;MATERIEL DE TRANSPORT(PRINCIPAL);EJ 498 LB;VEHICULE BERLINGO REF 1709940 AVEC   EJ 498 LB;2017-6418;;;
1;MATERIEL DE TRANSPORT(PRINCIPAL);EG 167 HZ;VEHICULE FOCUS BUSINESS NAV BREAK  EG 167 HZ;2017-6414;;;
1;MATERIEL DE TRANSPORT(PRINCIPAL);EG 049 HZ;VEHICULE FOCUS BUSINESS NAV EG 049 HZ;2017-6413;;;
1;MATERIEL DE TRANSPORT(PRINCIPAL);EE 960 KN;VEHICULE KANGOO AVEC OPTIONS EE 960 KN;2016-5447;;;
1;MATERIEL DE TRANSPORT(PRINCIPAL);DR 009 JD;VEHICULE MEGANE BERLINE 1520122 BLANC DR 009 JD;2015-5289;;;
1;MATERIEL DE TRANSPORT(PRINCIPAL);VEHICULE PORTEUR PLANCHER CABI;VEHICULE PORTEUR PLANCHER CABINE      FIAT DUCATO BLANC AVEC;2023-5822;;;
1;MATERIEL DE TRANSPORT(PRINCIPAL);EF 667 WJ;VEHICULE TRAFIC PASSENGER ZEN AVEC OPTIONS EF 667 WJ;2016-5448;;;
;;;;;;;
;;;;;;;
;;;;;;;
;;;;;;;
;;;;;;;
;;;;;;;
;;;;;;;
;;;;;;;
;;;;;;;
;;;;;;;
;;;;;;;
;;;;;;;
;;;;;;;
;;;;;;;
;;;;;;;
;;;;;;;
;;;;;;;
;;;;;;;
;;;;;;;
;;;;;;;
;;;;;;;
;;;;;;;
;;;;;;;
;;;;;;;
;;;;;;;
;;;;;;;
;;;;;;;
;;;;;;;
;;;;;;;
;;;;;;;
;;;;;;;
;;;;;;;
;;;;;;;
;;;;;;;
;;;;;;;
;;;;;;;
;;;;;;;
;;;;;;;
;;;;;;;
;;;;;;;
;;;;;;;
;;;;;;;
;;;;;;;
;;;;;;;
;;;;;;;
;;;;;;;
;;;;;;;
;;;;;;;
;;;;;;;
;;;;;;;
;;;;;;;
;;;;;;;
;;;;;;;
;;;;;;;
;;;;;;;
;;;;;;;
;;;;;;;
;;;;;;;
;;;;;;;
;;;;;;;
;;;;;;;
;;;;;;;
;;;;;;;
;;;;;;;
;;;;;;;
;;;;;;;
;;;;;;;
;;;;;;;
;;;;;;;
;;;;;;;
;;;;;;;
;;;;;;;
;;;;;;;
;;;;;;;
;;;;;;;
;;;;;;;
;;;;;;;
;;;;;;;
;;;;;;;
;;;;;;;
;;;;;;;
;;;;;;;
;;;;;;;
;;;;;;;
;;;;;;;
;;;;;;;
;;;;;;;
;;;;;;;
;;;;;;;
;;;;;;;
;;;;;;;
;;;;;;;
;;;;;;;
;;;;;;;
;;;;;;;
;;;;;;;
;;;;;;;
;;;;;;;
;;;;;;;
;;;;;;;
;;;;;;;
;;;;;;;
;;;;;;;
;;;;;;;
;;;;;;;
;;;;;;;
;;;;;;;
;;;;;;;
;;;;;;;
;;;;;;;
;;;;;;;
;;;;;;;
;;;;;;;
;;;;;;;
;;;;;;;
;;;;;;;
;;;;;;;
;;;;;;;
;;;;;;;
;;;;;;;
;;;;;;;
;;;;;;;
;;;;;;;
;;;;;;;
;;;;;;;
;;;;;;;
;;;;;;;
;;;;;;;
;;;;;;;
;;;;;;;
;;;;;;;
;;;;;;;
;;;;;;;
;;;;;;;
;;;;;;;
;;;;;;;
;;;;;;;
;;;;;;;
;;;;;;;
;;;;;;;
;;;;;;;
;;;;;;;
;;;;;;;
;;;;;;;
;;;;;;;
;;;;;;;
;;;;;;;
;;;;;;;
;;;;;;;
;;;;;;;
;;;;;;;
;;;;;;;
;;;;;;;
;;;;;;;
;;;;;;;
;;;;;;;
;;;;;;;
;;;;;;;
;;;;;;;
;;;;;;;
;;;;;;;
;;;;;;;
;;;;;;;
;;;;;;;
;;;;;;;
;;;;;;;
;;;;;;;
;;;;;;;
;;;;;;;
;;;;;;;
;;;;;;;
;;;;;;;
;;;;;;;
;;;;;;;
;;;;;;;
;;;;;;;
;;;;;;;
;;;;;;;
;;;;;;;
;;;;;;;
;;;;;;;
;;;;;;;
;;;;;;;
;;;;;;;
;;;;;;;
;;;;;;;
;;;;;;;
;;;;;;;
;;;;;;;
;;;;;;;
;;;;;;;
;;;;;;;
;;;;;;;
;;;;;;;
;;;;;;;
;;;;;;;
;;;;;;;
;;;;;;;
;;;;;;;
;;;;;;;
;;;;;;;
;;;;;;;
;;;;;;;
;;;;;;;
;;;;;;;
;;;;;;;
;;;;;;;
;;;;;;;
;;;;;;;
;;;;;;;
;;;;;;;
;;;;;;;
;;;;;;;
;;;;;;;
;;;;;;;
;;;;;;;
;;;;;;;
;;;;;;;
;;;;;;;
;;;;;;;
;;;;;;;
;;;;;;;
;;;;;;;
;;;;;;;
;;;;;;;
;;;;;;;
;;;;;;;
;;;;;;;
;;;;;;;
;;;;;;;
;;;;;;;
;;;;;;;
;;;;;;;
;;;;;;;
;;;;;;;
;;;;;;;
;;;;;;;
;;;;;;;
;;;;;;;
;;;;;;;
;;;;;;;
;;;;;;;
;;;;;;;
;;;;;;;
;;;;;;;
;;;;;;;
;;;;;;;
;;;;;;;
;;;;;;;
;;;;;;;
;;;;;;;
;;;;;;;
;;;;;;;
;;;;;;;
;;;;;;;
;;;;;;;
;;;;;;;
;;;;;;;
;;;;;;;
;;;;;;;
;;;;;;;
;;;;;;;
;;;;;;;
;;;;;;;
;;;;;;;
;;;;;;;
;;;;;;;
;;;;;;;
;;;;;;;
;;;;;;;
;;;;;;;
;;;;;;;
;;;;;;;
;;;;;;;
;;;;;;;
;;;;;;;
;;;;;;;
;;;;;;;
;;;;;;;
;;;;;;;
;;;;;;;
;;;;;;;
;;;;;;;
;;;;;;;
;;;;;;;
;;;;;;;
;;;;;;;
;;;;;;;
;;;;;;;
;;;;;;;
;;;;;;;
;;;;;;;
;;;;;;;
;;;;;;;
;;;;;;;
;;;;;;;
;;;;;;;
;;;;;;;
;;;;;;;
;;;;;;;
;;;;;;;
;;;;;;;
;;;;;;;
;;;;;;;
;;;;;;;
;;;;;;;
;;;;;;;
;;;;;;;
;;;;;;;
;;;;;;;
;;;;;;;
;;;;;;;
;;;;;;;
;;;;;;;
;;;;;;;
;;;;;;;
;;;;;;;
;;;;;;;
;;;;;;;
;;;;;;;
;;;;;;;
;;;;;;;
;;;;;;;
;;;;;;;
;;;;;;;
;;;;;;;
;;;;;;;
;;;;;;;
;;;;;;;
;;;;;;;
;;;;;;;
;;;;;;;
;;;;;;;
;;;;;;;
;;;;;;;
;;;;;;;
;;;;;;;
;;;;;;;
;;;;;;;
;;;;;;;
;;;;;;;
;;;;;;;
;;;;;;;
;;;;;;;
;;;;;;;
;;;;;;;
;;;;;;;
;;;;;;;
;;;;;;;
;;;;;;;
;;;;;;;
;;;;;;;
;;;;;;;
;;;;;;;
;;;;;;;
;;;;;;;
;;;;;;;
;;;;;;;
;;;;;;;
;;;;;;;
;;;;;;;
;;;;;;;
;;;;;;;
;;;;;;;
;;;;;;;
;;;;;;;
;;;;;;;
;;;;;;;
;;;;;;;
;;;;;;;
;;;;;;;
;;;;;;;
;;;;;;;
;;;;;;;
;;;;;;;
;;;;;;;
;;;;;;;
;;;;;;;
;;;;;;;
;;;;;;;
;;;;;;;
;;;;;;;
;;;;;;;
;;;;;;;
;;;;;;;
;;;;;;;
;;;;;;;
;;;;;;;
;;;;;;;
;;;;;;;
;;;;;;;
;;;;;;;
;;;;;;;
;;;;;;;
;;;;;;;
;;;;;;;
;;;;;;;
;;;;;;;
;;;;;;;
;;;;;;;
;;;;;;;
;;;;;;;
;;;;;;;
;;;;;;;
;;;;;;;
;;;;;;;
;;;;;;;
;;;;;;;
;;;;;;;
;;;;;;;
;;;;;;;
;;;;;;;
;;;;;;;
;;;;;;;
;;;;;;;
;;;;;;;
;;;;;;;
;;;;;;;
;;;;;;;
;;;;;;;
;;;;;;;
;;;;;;;
;;;;;;;
;;;;;;;
;;;;;;;
;;;;;;;
;;;;;;;
;;;;;;;
;;;;;;;
;;;;;;;
;;;;;;;
;;;;;;;
;;;;;;;
;;;;;;;
;;;;;;;
;;;;;;;
;;;;;;;
;;;;;;;
;;;;;;;
;;;;;;;
;;;;;;;
;;;;;;;
;;;;;;;
;;;;;;;
;;;;;;;
;;;;;;;
;;;;;;;
;;;;;;;
;;;;;;;
;;;;;;;
;;;;;;;
;;;;;;;
;;;;;;;
;;;;;;;
;;;;;;;
;;;;;;;
;;;;;;;
;;;;;;;
;;;;;;;
;;;;;;;
;;;;;;;
;;;;;;;
;;;;;;;
;;;;;;;
;;;;;;;
;;;;;;;
;;;;;;;
;;;;;;;
;;;;;;;
;;;;;;;
;;;;;;;
;;;;;;;
;;;;;;;
;;;;;;;
;;;;;;;
;;;;;;;
;;;;;;;
;;;;;;;
;;;;;;;
;;;;;;;
;;;;;;;
;;;;;;;
;;;;;;;
;;;;;;;
;;;;;;;
;;;;;;;
;;;;;;;
;;;;;;;
;;;;;;;
;;;;;;;
;;;;;;;
;;;;;;;
;;;;;;;
;;;;;;;
;;;;;;;
;;;;;;;
;;;;;;;
;;;;;;;
;;;;;;;
;;;;;;;
;;;;;;;
;;;;;;;
;;;;;;;
;;;;;;;
;;;;;;;
;;;;;;;
;;;;;;;
;;;;;;;
;;;;;;;
;;;;;;;
;;;;;;;
;;;;;;;
;;;;;;;
;;;;;;;
;;;;;;;
;;;;;;;
;;;;;;;
;;;;;;;
;;;;;;;
;;;;;;;
;;;;;;;
;;;;;;;
;;;;;;;
;;;;;;;
;;;;;;;
;;;;;;;
;;;;;;;
;;;;;;;
;;;;;;;
;;;;;;;
;;;;;;;
;;;;;;;
;;;;;;;
;;;;;;;
;;;;;;;
;;;;;;;
;;;;;;;
;;;;;;;
;;;;;;;
;;;;;;;
;;;;;;;
;;;;;;;
;;;;;;;
;;;;;;;
;;;;;;;
;;;;;;;
;;;;;;;
;;;;;;;
;;;;;;;
;;;;;;;
;;;;;;;
;;;;;;;
;;;;;;;
;;;;;;;
;;;;;;;
;;;;;;;
;;;;;;;
;;;;;;;
;;;;;;;
;;;;;;;
;;;;;;;
;;;;;;;
;;;;;;;
;;;;;;;
;;;;;;;
;;;;;;;
;;;;;;;
;;;;;;;
;;;;;;;
;;;;;;;
;;;;;;;
;;;;;;;
;;;;;;;
;;;;;;;
;;;;;;;
;;;;;;;
;;;;;;;
;;;;;;;
;;;;;;;
;;;;;;;
;;;;;;;
;;;;;;;
;;;;;;;
;;;;;;;
;;;;;;;
;;;;;;;
;;;;;;;
;;;;;;;
;;;;;;;
;;;;;;;
;;;;;;;
;;;;;;;
;;;;;;;
;;;;;;;
;;;;;;;
;;;;;;;
;;;;;;;
;;;;;;;
;;;;;;;
;;;;;;;
;;;;;;;
;;;;;;;
;;;;;;;
;;;;;;;
;;;;;;;
;;;;;;;
;;;;;;;
;;;;;;;
;;;;;;;
;;;;;;;
;;;;;;;
;;;;;;;
;;;;;;;
;;;;;;;
;;;;;;;
;;;;;;;
;;;;;;;
;;;;;;;
;;;;;;;
;;;;;;;
;;;;;;;
;;;;;;;
;;;;;;;
;;;;;;;
;;;;;;;
;;;;;;;
;;;;;;;
;;;;;;;
;;;;;;;
;;;;;;;
;;;;;;;
;;;;;;;
;;;;;;;
;;;;;;;
;;;;;;;
;;;;;;;
;;;;;;;
;;;;;;;
;;;;;;;
;;;;;;;
;;;;;;;
;;;;;;;
;;;;;;;
;;;;;;;
;;;;;;;
;;;;;;;
;;;;;;;
;;;;;;;
;;;;;;;
;;;;;;;
;;;;;;;
;;;;;;;
;;;;;;;
;;;;;;;
;;;;;;;
;;;;;;;
;;;;;;;
;;;;;;;
;;;;;;;
;;;;;;;
;;;;;;;
;;;;;;;
;;;;;;;
;;;;;;;
;;;;;;;
;;;;;;;
;;;;;;;
;;;;;;;
;;;;;;;
;;;;;;;
;;;;;;;
;;;;;;;
;;;;;;;
;;;;;;;
;;;;;;;
;;;;;;;
;;;;;;;
;;;;;;;
;;;;;;;
;;;;;;;
;;;;;;;
;;;;;;;
;;;;;;;
;;;;;;;
;;;;;;;
;;;;;;;
;;;;;;;
;;;;;;;
;;;;;;;
;;;;;;;
;;;;;;;
;;;;;;;
;;;;;;;
;;;;;;;
;;;;;;;
;;;;;;;
;;;;;;;
;;;;;;;
;;;;;;;
;;;;;;;
;;;;;;;
;;;;;;;
;;;;;;;
;;;;;;;
;;;;;;;
;;;;;;;
;;;;;;;
;;;;;;;
;;;;;;;
;;;;;;;
;;;;;;;
;;;;;;;
;;;;;;;
;;;;;;;
;;;;;;;
;;;;;;;
;;;;;;;
;;;;;;;
;;;;;;;
;;;;;;;
;;;;;;;
;;;;;;;
;;;;;;;
;;;;;;;
;;;;;;;
;;;;;;;
;;;;;;;
;;;;;;;
;;;;;;;
;;;;;;;
;;;;;;;
;;;;;;;
;;;;;;;
;;;;;;;
;;;;;;;
;;;;;;;
;;;;;;;
;;;;;;;
;;;;;;;
;;;;;;;
